tag_idfentifier,k_tag_sequence_inverse_complement,h_tag_sequence
H1K1_10A,TGTCAGCCAGCGTTTAGAACTCCC,GCGCGATCTCTGTGAACAATGAGA
H1K1_10B,TGCCGGTTGGCTGGTGATTACTTA,TGAAAGGCCAGCGGACTGAATAGA
H1K1_10C,GGCCCGGCCAGGCTATATCTAAAG,TCCGAATGCTAGAAATTCGGGTCA
H1K1_10D,TGTTCCTGTGGCTCGTGAATTGAG,TCCGGTCGAGCGGTTTTTCTTACT
H1K1_10E,AAAAAAGTTATTGAGCGCTGCCCG,GCGGGTACACTGGCTAAGAAGCCT
H1K1_10F,CCTTCGTAGTAGGTGGTTTCCCGG,GGCGGCTTACATGTTGGTTCAGAC
H1K1_10G,AGACTGGTATACTCCAGGGGGGGG,ATGATGCAAAGCTTAAGTTGCGCG
H1K1_10H,AGTACAAAAAGCAAAGGGCCTGCG,GAAGTAGGGTCCCCCGGACATTCT
H1K1_11A,CTTGGGTAGAAGACGGGGGAATGA,ATTGACCTACTCCACCTCTGCGCA
H1K1_11B,TTGTATTATGTATGCACCGGCGGG,ACGCAATCTAAGCGTGCATTACGG
H1K1_11C,ATATATTCAGCGAGGCGACTGGCC,CCTCTCCCAATCCCACACGTTCTT
H1K1_11D,CGCGTCGGCATTAACAAGTCAGTT,AGCGCCGAACTTCGGTAACATAGG
H1K1_11E,TAGCCTTTCGGCAGCATCTCGTAC,GAGGAGTGAGTTGAGCCGATTTCG
H1K1_11F,TGGGGGACTAAATGAAGACATGCG,CGCCTTACACACGCACGGGTATAT
H1K1_11G,CCGCCAACATTTACATAGACCGA,TGCGGGCGGGGAGTAACTAGTAAG
H1K1_11H,CATTTCCGACCCACACCAACTTGT,ATATTTTATATTGTCGCCGCCGCG
H1K1_12A,CGGCCCTCAGTTTCCAACAAAGAT,ACGGTGGAATATGACACCCACTGC
H1K1_12B,GCACTTCGTCGTCGAGTTGGTAGG,TCGCGTTCTTGGATGTCCAAATTC
H1K1_12C,AAAGCCGATAGATATTGGTGCGCC,TCTACAGCGGTCACTCTGACAGCG
H1K1_12D,TCGGCCTATGCTTGGACTGTCCTA,CCCCCGCTCGGCGTCTTAATATAT
H1K1_12E,CTAATCGGTAGAAACCCAGGGCGA,TCGCAAACTGTCTAACGGTATGGGC
H1K1_12F,ATTCGGTTCATGCTGGCAGAGAGA,ATTATGACCCACGTGAACACCCCA
H1K1_12G,CGCGCTTTAGAATCTCCAGTGACG,GTCATTGTCCCATCTTCGGCCATA
H1K1_12H,CTCCACTTCCATCTCCTCGCGATA,CGTGTCAGCTCCATGATTGTCCTC
H1K1_1A,ACTAAGGCCTGGTGAAAGGATGCG,GGGCGTAGCCTCTAAGCAACCTTG
H1K1_1B,TCGGAAGGAATGCGTGACCAATAC,CGCGCGGGGGTTTATAAGCATATA
H1K1_1C,CACAACGGGTGATAAATACCCGGA,GGAAAATATGGGTCCACGATCGCT
H1K1_1D,CCCACGAATTGCTTATTGGCGTTA,CGCCTATCTGTCGATCTAGCACGC
H1K1_1E,CCAGAAAAGAGAACGATGCTCCCA,CACCAGATGAGTGCAATCGCTCAT
H1K1_1F,AGGCTTCGTCTAAACAGGGACCCA,TTCCGATGGGTCACTATCGGTGAC
H1K1_1G,ATACTACTATGGGAGGCCGCTGCG,TTCCCGGCCTACCTTCCTACATGT
H1K1_1H,CATTCTCCGGTGAATCCATTTGGA,ACGCCCGCCACTATTCAATCATTT
H1K1_2A,GAGATTCCGATCCCGCCTCTTATG,TCGGCGTACTTATCAGGGCCTTCT
H1K1_2B,GCGACGCTAAAGGACAAAATGTGG,AGACATCGAGATATTCCGGCAGGG
H1K1_2C,GGAGTGACTAACTTCGCTTGGGCA,CGTAGCGTTGATTGGAATAACGCG
H1K1_2D,TAGTCGTATGGGTAAGCCATGCGG,TACTAAACCTGCGGCTGCACGGTA
H1K1_2E,GTGTCCATTCCCATGTTCACCTGA,ACTTTCGTCGGCTGTGAGAATCCA
H1K1_2F,CACTATAGGATCGGCTGGAACCCC,AACGATATTCGCGTTAAGGGTCCG
H1K1_2G,AGTAAAGGGAACAACCACACGGGC,GTGGATGGCAGGCTAAATGGGTCT
H1K1_2H,CCGGTTGACCACGGAATTGAATTA,AGTACCGTCCCATTACTCCGAGCG
H1K1_3A,GCTAACCGAAGAGAGGCCAGATCG,GACGCGTTAGATGCACAGGAGGAC
H1K1_3B,CGATCCAGTAGAACAGCAATGGCC,CCGAATCGTCGGAATTACTTTGGC
H1K1_3C,ACCTTCGCTCTGCTGTCTATGCCA,GTCTGGGGGCAGTAAACGCGATAT
H1K1_3D,ATTACCGCAAAACCTCCACAGCGT,TCAGGGAGTGCATTCGATTCACTG
H1K1_3E,CTTTCTCCAAACTATTCGGCCCCA,CGCGGGCCGAGATAGTATTATTGC
H1K1_3F,ACCAGGTCTTAACCTCTGGAGCGG,AGCATTAAGAGGGGTTGATCCCGA
H1K1_3G,GAATAGAACGCCCTGAGCCAGGAC,TGGCAGTACATGGACGAAACAACG
H1K1_3H,CCAGTACACCAGGGTCTCTTCCCA,GCGCCTAAAGCTCAAGGTGATCAA
H1K1_4A,CGCGTGCCTTAGAATGCATGAGAT,TATGTTCCCGCAGTAGGCAAGCTG
H1K1_4B,CCAATTTGTGTCATCGGTAAGCGC,GGGGTTGTTGGTGCCGACCTATAC
H1K1_4C,AATGGAGTCAAGACCCCAGCAGCT,CAACTGGACCATACCAAATGCCGT
H1K1_4D,TGCACTAACCATGCAGCCAAACTG,ATGTTAAGCTGATACCTCCCGGCG
H1K1_4E,GATTTTATTATTTGCCCAGCGCCG,GCGCCATGAGGGTGAGAACGTATA
H1K1_4F,AAATAGCAGACGCAGACAGGGCAG,TATATCCGTCACCCCACCAGTGGT
H1K1_4G,GGGCTACACATTGTGAATGTGGCA,GCGGCGCTTAACCAGTGAAGACTA
H1K1_4H,GACGCTCGAGTCACTGCTTATCCG,AGTGAGCCGGCCGCTTCGTATATA
H1K1_5A,TGGCCATGTGAGGGTATCCGTTAA,CGCGCATGCTGTTACTCGTACAAC
H1K1_5B,AATTCTGACGCTTTTTTCGGGACG,CGCACTCACCAGTAGCTGTGCAGT
H1K1_5C,CGTTTGACCGACTAGACAGGCAGC,GAGTCACCGTGGCAAATCGGTTAA
H1K1_5D,CGATACATTAGGGACTGTTGGCGC,CGCGGCTATCTTCTGCACTTTCAT
H1K1_5E,AAATCCCTACTGGGACCCCGATTC,ACGCAACTCGTAGCGGAAAGAGGT
H1K1_5F,ATTACACGATGTGACGTCCTCGC,GTTATCCGATTATTGGAGGGGGGC
H1K1_5G,TAGGTACCACAGACCACCGGCAAG,GGTCGCCTTATACATGTCCACCCA
H1K1_5H,CAGCTTCGTGTTTAACTTCCGCCA,CTGCGGGGAAATGGAAATACTTC
H1K1_6A,TGTTACGAGACTTCTTTTGCCGCG,TGCCCTCGCATATAGTCATCACCA
H1K1_6B,CTCAGCCCAATTGCCATGTCTCTT,GATTGGCAGTGCATCCACTGATGT
H1K1_6C,CTACCAAGTAACAAGCCGCAACCG,CTTTGTATCGTAACCGTGCCAGCG
H1K1_6D,CATCTAATTAAGAACGGCCCCCCC,GGTGATGTGTATCGCACGTGACCT
H1K1_6E,TTTATCGCTCGAAGGGGAGACCAG,TAATTATCCCCCGAGGATCGTCGA
H1K1_6F,TATATGTCGAGGGCGTACGGCATC,ACGGAGTACCACCGCTGGATCTCT
H1K1_6G,AGGCGGCAACCTGTGTACTAGCAA,AAGGCGCCGTAATACCTCGTGAAG
H1K1_6H,GGCGAGCCAAGAATATAGTTCCCG,CAAGAGCCAGTTGCCTGATCACAA
H1K1_7A,ATATTACATGGTCCGTGGGGGGTG,TGGGATCTTTTAGATGGTGCGAT
H1K1_7B,AGGATGTGGCTGGCCACTTTATCC,TCCGCAATTGAGAATAAGCGTTGG
H1K1_7C,CGCGCTGCTGCTGATTTCTTTAAA,AAAGAATCTGGACATTGAGGCGGC
H1K1_7D,CGCGACTCGTATTCCATATGCCAC,GGGAGCAAACACGGTTCCACTATG
H1K1_7E,GCGCGTCGTACAGCCCTTATAACA,CCGCCGCTACTAGACCTCGTTTGT
H1K1_7F,TGCGAGTGGCACGATGGTACTAGA,TTGACATACAGATCCGCTCCGTGA
H1K1_7G,TCGACTCCGTCTACGGATGGGTTA,TCTCCCCGATGCAGAGTCTCAACT
H1K1_7H,TTATTTCTATACACCGACGCGCG,ATCCTGCCAGAAATAGTCGCTGCC
H1K1_8A,CACCAAGACGTAACCTAGCGGTGC,CGTCATGATCGTGTGTCAATGTGC
H1K1_8B,TGGTGACTATGTTGAGGTGCAGGC,TCCGCGTCCTAATATGGAGGTGAA
H1K1_8C,TCGGGGGTCTGTTGAATGCTTTAA,AGAAGACCCAAGGGGACAAAGGTG
H1K1_8D,TACGAATCCACTACTGCTCGCCGT,CTGGACCGCTTTACTTTTTGGCGT
H1K1_8E,CCCCCATGGATAGTTTCCCATCCTC,GGGCGCGTCCATTATAAGTTTCGT
H1K1_8F,GCTTACCTTGCCTTTGCACTGTGG,CCGCTCCTCTTGTACTGACGCAAT
H1K1_8G,GTGCCTCAACCTTTCTGTCACGCT,GATAGCCTATCAGCAATCGGGCGT
H1K1_8H,GATACTAATCCGCTAGCCGCCGTG,TCTGCATGACCTTGGTCTGCCTTT
H1K1_9A,CAATGGGGTCCATGGCATTGTAAT,TAGACAAGTCTCAGGCCGAGGCAT
H1K1_9B,TACAGGTTCTACCAAACCCACGCG,ATATTGCGAGGTGTATTGCCGGGT
H1K1_9C,CATGGCTAACGCCCGTCTATCAAG,CGTTTTATTCCGTCTCTGGTGCCA
H1K1_9D,TAAGCCACCACCAGCATTTTCTCG,TCCCAAGCCTCTGTGCTGATGAAT
H1K1_9E,TGTCCAACCGCGTACGTTATCTGA,TCCTTGTAAGTGTCAAAAGCCGCG
H1K1_9F,CATCGTCTATGAGCGCAGCTGTGT,GCCCGTTGGCACTTACTGTTGCTA
H1K1_9G,GCAAGCGTACTGCACCCTCTGTCT,AAGCCATCTGCCCGTACACAAGAA
H1K1_9H,ATTCACCACGCCACTCCCAAAATT,AAATCCACCGCGGCCAACATATAT
H2K2_10A,AGAGGGTAACTGCCCGACTGTTG,CCCCCGTGAGGCGCTGTTTATATA
H2K2_10B,GATTGTAAACCGAGGAGGAACGGC,ATACTCTCGCAGGCACTTTGCGAA
H2K2_10C,TTATACCGAGCCCCGTGGTTATCC,GCGTATTGCTCTGTTGGGGTGGTA
H2K2_10D,CCGAAAGATTACTCGGAGACCGCT,AATACCTGGGGCTGACCTAGCCCT
H2K2_10E,CCGGGTCCAAAGAAGAACACTCCT,CTGGCTTCAAGGACCACGAAAGAA
H2K2_10F,GCTCCGGGGTAATTGCCTTACTCA,TTCTGGAAGTTTACTTCACGCGCG
H2K2_10G,CCGGGGAGCCATAGAGTTCAGATC,GCCCCTATCAATCTCTGGACGCTT
H2K2_10H,GCGACGGCTTTGTCTAAAAAAGGC,CGGCCACACCGTGCGAGTATATAG
H2K2_11A,AAGAAACGTTGTTCGCCGAGACAG,GTGTTGGTACGGAATCATCTCGGG
H2K2_11B,CACATCGGATGGAGCACTCCTGTA,CGGATTCGATCCACTCGTCTGATT
H2K2_11C,CGCACTCGGCGGTATCGTTAAGTA,TCATAATCCTCTTCAGTGGGCGGA
H2K2_11D,TCTACCCCGTTCGTTCTTTAGCCG,CCAAAGGTCCCGTGTTGAAGTGTC
H2K2_11E,CCGAGCAGATTTTCTTTCACTGCG,TAATCGGCAAACCGATGCTTTCAC
H2K2_11F,AGCACCTAGTGAACAGTCGCGGAA,TGCGTGAGGTGTTGTGATTTACCG
H2K2_11G,CTATACCCATTGCCCCTACCGGGT,CGCGGGCATATTGAGTACTACCGA
H2K2_11H,AAGCACTTATATTCGGTCGGGGGG,AATGGATGTTGGAGAGGATCACGC
H2K2_12A,AGTCAACGTCACCTACCGCAGGAA,ATGCCGCAGTGTAGAAGTGGCATT
H2K2_12B,TGACAAACGTTACGGACATCACGC,TGTGAGACTGAAATAAGGGGGCCA
H2K2_12C,CCGCCGACCAAGAGAGACTACCTC,TTGCCAATGCGGTCGTAGGGTATA
H2K2_12D,GACGCCCAAGACAATAATGTCCCA,TCGGGGTTACGCAAATTCCCTAAC
H2K2_12E,TATTACCATCTCTGAGGCTGCGGC,CTACTTCTATTTGATGCGCCGGCA
H2K2_12F,GACCTTGTACGGATTTCCAGCGCT,CGGCAGAGGAACTCCGTAAAGAGC
H2K2_12G,CCAAGCAGGCGTTGTCTGAGTACC,AATTGTACTAAAGATCGCCGGGCG
H2K2_12H,CTATTGTATGCCCATGACCCCCCT,GGGTTCGGTCATTATGAACTCGGG
H2K2_1A,TGGGCGTTGAGGACATACGAGAAT,CCGTCGTTAAACGACGCTTCCTTT
H2K2_1B,TGAGCGTTCGGTATTGCATAAGGC,CAACTTCAGATATCTGCGGCCC
H2K2_1C,GTATGCGGTGCTATGAGGATCCGA,TGCCTTCTCAGGTAGATGCGGAAC
H2K2_1D,TGGCTGCCATGAAGTCGATTTACA,CAATCGGTCCATCACCCTAATCGA
H2K2_1E,GCTATCGATTGGTAGCCTACGCCG,GGACATCTTCATGACAAGTGGCGA
H2K2_1F,TGCTCTCAGAACAATCAGCTGGGA,ACACATGGAGATCAGGGACGCTGT
H2K2_1G,TCATCCTTCAGGCCAATTCAGCTC,AGGATAGTCAGTATCGACCCGGCG
H2K2_1H,GGTCGTCGTTGTGAAACTGCAGAA,ACGAACTGCACTCTTAACAGCCGG
H2K2_2A,ATGGAATGGGCGAAACATAGCTCC,CTCTCTCAATACTCGGTCGTGGCG
H2K2_2B,ACCTAGCATAGATTTGGGTCCGCG,CCCTCGGTCAGAGACTTAAGGCGT
H2K2_2C,CCCCCCAATTTAGAGGGGGCTAAT,GCAGAATAAATAAGAGCGCCCGGA
H2K2_2D,CGGCGTGAACTGGAAGATATGAGG,CGTGCGCCCTTACATCTAGTTCCA
H2K2_2E,CGCCTGCAGACACCGTAGGATTAA,TCGGGCCCTATAATACCCCGACTT
H2K2_2F,TAAACCTAAAGAGGCTGACGCGGC,TACGGAGAGTGGGGTTATGCACGT
H2K2_2G,TGGGGAGTGATCTGCGATTCTACC,CTAAAGTCCACGTTGCCGACAGCT
H2K2_2H,CGGCGACGCCCCTAAAAATTTAAT,CCGGGTTAAGGACTCCTAACGGGT
H2K2_3A,CGCATGAAGGTTTCTCTAGGGGCT,GCGACAAGCCCGCGTCTTTAATAC
H2K2_3B,ACAAACGGAAATCAAAATGCGTCG,TCCCTTAGTTTAGGCCCCCAAGGA
H2K2_3C,CAGACGGTTATGATTGGGTCGAGG,TAGCTTAAACCCGGTTTGGCGATC
H2K2_3D,GGCGAGTGTCCTGTGAAGTGGTCT,TCGGATAGGTAAAGATGCCGGTCC
H2K2_3E,GCGGCTCGCTTTCATGTAGATGTC,CGCCGCGCTATAACCCTAGTATGG
H2K2_3F,AATGTGCGACTAGGAGAAGCGCAC,CTGGCCCCACTGGCACTATCAGGTA
H2K2_3G,GGGCGCTTTCCGTGAATAACCATA,ATATATGGCGAGTTACCGCCCCCT
H2K2_3H,GGGCGATTGTGTGTCTGTAGCCTT,AGGTATATTCCTGTACGGCGGGCA
H2K2_4A,CAACCACTCTTTCTTGCGTCGTCC,ATTTTCAGGTGCAATTCAAGCCCC
H2K2_4B,GCGAATACGGTCGTCCTACGTTTG,TTAGATTTTGACGGGTTTCGGCGT
H2K2_4C,TGGCAACCCATGGTGGATATTTGT,GTTTCGGTGGTGAGCTTAGACCCC
H2K2_4D,TGGGCGTGCTGTGAAAAATAGTGA,ATCACAATAACGTTCAGCGGCGAG
H2K2_4E,TGCGGACTTACATTACAGGTCGGG,CGATTACGAGTGTGAGGTTCGCCT
H2K2_4F,ACGTTTTCTATCAGGCTCACCCGG,CGCGCGGACTCTAGAAGTTGTCAT
H2K2_4G,CCAAAGAGCACTACGCGGAATTCA,TACAAGGCGCAAAGATCATACCGG
H2K2_4H,CCTATCCCAAATTATGTGGGCCGA,TGGGATATCTAGAAAAGGCCGGCA
H2K2_5A,TATGTGAGCGTGGGAGGAATTTCG,CGGCGGCAGGTACATTTAAGTCAG
H2K2_5B,ACTAAAATCCATAGCCTCCCCCGC,GGCGGGGCGAAGTCTTAGTACTTG
H2K2_5C,CAGACGCCCTTCATTCTTGACGTC,GGCCGTTTACGTGTAGGTGTCACC
H2K2_5D,CGCCCCAACCTACAAGTGTACAGG,CGGGGCATGATCTACAGTAACCGA
H2K2_5E,AGTAGTCCATGAAATGGGAGCCCG,CCTTTTGTAGGGTTTTATGCGGCG
H2K2_5F,ACCTGGAGCAAGAATCATAGCCGG,CGGGCCACAAAAAAACATGTCATT
H2K2_5G,CGGCAGCCTAGCGTATTACCGACT,CGTTGGCCCTTAGCAGGTCATATG
H2K2_5H,ACGAGGCCCCAATATTTGCTTGTC,CGGGCTACGATGACTCAGATCCAT
H2K2_6A,TTCGCTAACTCTGATACGCCTCGG,CGTAGATTCCCAAGGTTCGTCGCT
H2K2_6B,GCATGTTTGAAGAGCCCCTTTGGT,GAGGCTTCACCGCAATCCTGCTAT
H2K2_6C,TTGCACCCCGTCAGACAGTACGTA,CGCACCTTGTCGTATTAAGGGCAG
H2K2_6D,CATAGTACCTGGTTTCAGCCGGGC,CTGGTGTGAGATCGTAGTCAGCCG
H2K2_6E,ATCTTGCAGCAAGACAGCGGCTAA,CGATGGGCGCGAATCCTTAATTTA
H2K2_6F,AGTAAGCACTCTGTGTCGGGCTCG,CAAAGGAGCAACCCCGCTTCTAAA
H2K2_6G,ACTCATAGGCTTTTCTCTCGCCCG,CTTCACGAGGTATTACGGCGCCTT
H2K2_6H,CGCCCTGCTTACGCACATATAACG,GCGCGGATCAGTATGGTTCAAAAC
H2K2_7A,TAATACTCCTATGCCCTGCGCGCT,ATACAGGGCGGCGCAATAACCTAA
H2K2_7B,CTATTGAACCCTATGACCGGGCGT,AATACACGACTCAACTGCGTGCGA
H2K2_7C,TAATTTCTCGCCAGGCGATCAAGA,GGCAAGTCAATAATTGTGAGGCCG
H2K2_7D,TCGCGTACCCTCCGAAAAGAACTT,GCGCGCTACATCTCCAATCTGGTA
H2K2_7E,ATTAAGGTAGTGAAACGCCGGGGG,TGTCGTGTGGAACGGGCTGATATA
H2K2_7F,TTAGAATTTAGTGGTGCGTGCCGG,TCCCACTCGGAAGCTGTTATCCAA
H2K2_7G,GAACAGAGGAGGTCCAGCGATCTG,CCAAAGATATCAACACCCTGGCCA
H2K2_7H,CAAACCGTTTCCCCCTTCCTTCTT,AGTAGGAGATTACGTTCGCGCGCT
H2K2_8A,CACAGGGGGTACATGTGGTTCGAT,TCCGATCTAAAACGGGAGCAGGAC
H2K2_8B,AGCTGCCCGTGCACAAGCTTTAC,CGCGCGTACAGTGTTTCGAATTTT
H2K2_8C,CGCTCCAATGCAAGCATGACATAG,AACGTAACGCCTCCGCATGTGATA
H2K2_8D,ACACAAACCACTTGAATCCTCGCC,TAGCAGCTCATCCACATGCAAGGA
H2K2_8E,CGGATCTAGTATCACACCCTCGCG,GATTTGAACGGTGAGAGTACCGCG
H2K2_8F,AAAAAGGGACCAGGATCCATTGGA,AATCGCGGCCCGGTTAATTCTTAC
H2K2_8G,TAGATCTCAGTTCATCGGGCTGGC,CCCGGCGGCCTAGTAATTGATTTT
H2K2_8H,GTTTCATGCCAATAGAATGGGGGG,GCGAAACGTCAATATCCGCCTTTC
H2K2_9A,TATTAGTACCGAATCCCGGTCGCC,CTATGACGTGGCGCCTACAACTCC
H2K2_9B,GTGCGCTGGTATCAATAAATGCGC,CAGACCAGAGGATACATCGGCACC
H2K2_9C,CAATGCTCTCAGCCATCAGACCG,TACTTAGCACGAATCGAGGTGCGC
H2K2_9D,GTCCGCGTGAGTAATACTGTGCGA,ATAGGACGGCTGCGAATCATGCTA
H2K2_9E,AGAGTTCTTCCGATTCGAACCCGA,CCGCGACCGATCTTGGTAACACTA
H2K2_9F,ATCGATCCGGTTGCATGCTATCAG,ATATATCGGACGGATGCCCGTCAT
H2K2_9G,TCGCGATCCTTCGTGCCTGTATAG,CTCAGTACGAGCACTGTCTTCGCG
H2K2_9H,AGGATGTCGTGAATGAATGAGGCC,CGCCTGTTTTAACCCAGTGATTGC
H3K3_10A,TATAGTAATCGGGTGGGCGCCATC,GAGTTTGACGTATAGACCCGGGGC
H3K3_10B,TTTAAGGTCTACAGGCTTCCGGCG,TTCGAACATTCTCATACGGTGCGA
H3K3_10C,CGGTTCGAGCCATCCGCTTATACT,CCCGGGAGTTTAAATCCGACACTC
H3K3_10D,TTAATCGCAAACCCTTGTGAAGCG,CGCGCCTGGGGGTCGTACTATATA
H3K3_10E,GGAGCAGTCACGTACACCGTTGAA,TCTTATCGTCACAGCGAAGAGGCC
H3K3_10F,GGCGAAGGGCATTGACTAATACGG,GACCAGACTGAGTGGAATTGCCGT
H3K3_10G,TAACCACCAATCCGGTACGTTGGA,ACCTACAGTGAGGCAAACGTCGGA
H3K3_10H,ATATCTGGGCTCCGTCCTCATTGG,CGCGCGATCGATTGAAAGTAAGTC
H3K3_11A,TGCCTATCCATTCTTCCCCTCTGC,CGCGCAATGGTAGCGGGATATAAT
H3K3_11B,ATTAGCTGACCCCTACGCGAGGTC,CTTTAACTAGAATCGCGGCGCGC
H3K3_11C,AGCCATTGGGCCAGCTTGAGATAG,ATGGACCTTCCACCTGTTATGCC
H3K3_11D,AAGTTCCACCTTAACTCGGCTGCC,TGTCGTCGGGCGCATTCACTATAT
H3K3_11E,TTGACGCTATGCAGCGTATCCAGA,ACGGGATAAGTTGTTAACCCCCCG
H3K3_11F,CGCTAGATAATCGAAAAGCACGCG,CGTGGAAAGATAGTGTCGCATCGA
H3K3_11G,GGCTGTATTTTAGCCACCCTCCCC,TTGCGCTGTACTCGAACGTTGATC
H3K3_11H,CGCTGTATCACTGCCTTCATCACG,GGCAGAGTGGAGTTGAACAGGCAT
H3K3_12A,CTAATATAATCCCGTCACGGCCCG,GCGAGACCCGCGAATGTGATTATA
H3K3_12B,CTTAGTAGCAACCGCAAGTCGGCA,CTAAAACTTGATCCTTGACGCGCG
H3K3_12C,AACGACAAACCCGAGCTCCTCAAT,GTTCATTTCAGGCAGTCAGGTCGC
H3K3_12D,TGTGTAGATACCGTCAACTCGCGC,TCAGACTCTACTCTCTGTCGCGCG
H3K3_12E,GACACCCCTCGCTTCGAGTCTCTT,TCCCTCCCGAAGCCGACATAGTAT
H3K3_12F,TGCCGCAATGATAAGAGATGAGCC,CGGGACAACAACTCAATCGAGAGG
H3K3_12G,ACAGTGGAGAAGGAGCGCGACTAA,CAGGTTCCTCGCTACTCCTGGAGG
H3K3_12H,AGCCGTAAATGCCAGTCCTGAGTG,GAGTACGGCTTCATTACACCGCCA
H3K3_1A,ATGTAGTCGTTGCTGTGCTCGCAC,TGCCACGCAACATTACACTGACC
H3K3_1B,CCGACGTGGAGCCTATTGTGGATA,CCCACAGAACAGGAAGTTGCTTGG
H3K3_1C,GAGGGATACCTCCAGCTAAGCCGT,AATAGATTAGCGAGCGAATCGCCG
H3K3_1D,CGGCGGGTGCTTAAAATTGAAGTC,GGCTCTATACCTGCTCGTGTGCGT
H3K3_1E,AATATACAATGGCATCTGGGGCGG,CGAAGTCGTCGCGAGTCTGTACAA
H3K3_1F,ATTGGACCGGACTACGTTCCTGT,CGCGGCGTCATGTGTACATTCTTA
H3K3_1G,GCAGCGAGCTGGCGTCACTAATT,CGTCTTCCCTTGTTATCTCGTGCG
H3K3_2A,TGATTTGCATGATGGTTCCCGATT,GCGAGTGATATGCATGTTGTCGGA
H3K3_2B,GTGTTTCAACCTCGGTGGCTGATC,CGAGCGAGTCGTTACGCGAAATAG
H3K3_2C,CTTACTCTTGACCGGATGGCCGT,TGGAACATTGCACAACAGTGACCA
H3K3_2D,CGCACATCCGACTCCTGCTTTAGT,CGGTTAACGGCTGTAGGCTGAGTG
H3K3_2E,GCCCCTCGAATGTAGAACGGGTTA,TGGGCGGGTAGATTTCAGAACTGA
H3K3_2F,ATACCTTTCGTTCGTCTCAGCGCC,AGTCTAGCAAATTAACGGGGCGCA
H3K3_2G,CAGTTATACGATGCACGGCATGGA,CACCCCTTCAGCAACATCTATGGG
H3K3_2H,CACGCATACACTCACATTGCGTTG,CTAATAACGGCAAAGCAACGCTGC
H3K3_3A,CCGAGCCGAGAGATGTTTGTTCAG,GCGTCTCCAGGCATGCGATCTATA
H3K3_3B,TTCCGCTGTGCCAGGTTAATGACT,ACCTGGCGTTGCATCTCAGGATAG
H3K3_3C,GGTCATTCAGGTTTGCTGGGTTG,TGCAAGTCCCTGCACTGACATGAT
H3K3_3D,TGGCGAACGGCGTTCATGTTATAT,GGGCCCCGCACTTAATTCACTCTA
H3K3_3E,TGAAACCTGTCAGCATTGGGTTCA,TAAGGCAGCAACTGCAAGTGGGAT
H3K3_3F,GATCCCCCATAGGAACATGATCCG,TCCGGTCTACGAACGTGCCTAGAA
H3K3_3G,TCCATATACGTGAAATCCCGAGCG,GAAGCCCCTCAACTACAAACGCCT
H3K3_3H,CGCAGTCGTTTGAAAATCAGAGGG,TCGGCCACGTGCACATAGGATAAT
H3K3_4A,CGCGTAATTCGTTCCAACCAAAGA,GCACTGTTCCGTAAGCTGGAAGGA
H3K3_4B,GCGGATCGCTAGGAATTCGGAATA,TCGGTATCACCTGGGCCGTCTAAT
H3K3_4C,CGGTTGATGCAGTAAGGTCCGATC,TCATGCGACGATGGACGTCTTTTA
H3K3_4D,TAAGAAACCAAAAAACGCACCCGG,CGCGCAAAATGAGGTTAGAAGTCG
H3K3_4E,ATTCTGGTGACAGCACTGGCGAAT,TACACCGGGGTTTTTTCAAGCTCC
H3K3_4F,CCAAAATGGAGACCTCTTGCATCG,CGGGCGTGTAAACACATTTATCGG
H3K3_4G,TTCCAAAGTCGAAAACATCGGCAG,GATGATGCGAGAACGCAGAACATG
H3K3_4H,TTTCCAAGTCATCTTCTCCGACCG,CAGCAAATGGGCCTCCTCCAGTAT
H3K3_5A,TAATCCCTTCGGCCGCAAAGGTA,GCCCGCGGCTCATTATTTAGACTC
H3K3_5B,TAGCCTCGCACTCCGTGTAACACAG,TGCGGATTCAGGAGATCTGTCTCC
H3K3_5C,GACAATTTGCCTAGGAGCAGCGTG,TCGGGAAGATTCACGTCGAAGATC
H3K3_5D,CCAGATTAATTTCGTTGGTGGCCC,TTACTATGCGCGAAGCGTAATCCG
H3K3_5E,TGAGGTCGTGAGTTTCCTCCAAGC,TATACGCTCCCAGCGTGGTCGTAT
H3K3_5F,GACCCGTATGTAACTGTGTCCGGC,TCTCGATCGTTTGGTTAGCGCAGT
H3K3_5G,TTGCCAGTTCCATCATTGGCTAGG,CGCAAGATGAGGTCAAATCGAGCT
H3K3_5H,CCACGATTCCCTCCATTGCAGTAG,GCCACTAACGACCTTCTCGGTGAA
H3K3_6A,AGTTCAGTCATCCAATGTGGGGA,ACCGCAACAGAAGTGCGAAGCTAG
H3K3_6B,TGATGTTTCTGTGAGTCGCTTGCC,GGGTGCTGTAGTACAGGCGCTACG
H3K3_6C,TAGTGTGACAGGATGGATGCCACC,GCAGTTAGTTAACGCAACGCAGGC
H3K3_6D,CCGGCTGGCAAAGAGGGTTAGTAC,CGCGCGTTGTACCCTAGAAGAGGT
H3K3_6E,GACGTCTCATTACTGCTTCCCCCA,GCCATGGGGTGCGGTTACACTATA
H3K3_6F,TCATGAACTTTGGTCAGCGTCGAC,CCATGGCCGGTTCTGCTTGCTATA
H3K3_6G,GCCAATACAGTGCGTACCGCCTAC,GTACATCGTTTCCACAACCAGGGG
H3K3_6H,TGCACGCGGTCCTATCGAATAGAT,AGTCGCCGAATTATGGGTGCACTA
H3K3_7A,TGTCCTTATGTTGCAAATGTGCCG,CGCGCTGATCCATGGGCTACTATA
H3K3_7B,CGTAAAAGGACTTGAAATGCGGCC,AATAAGGCTAAGGCGCGCTTGCTT
H3K3_7C,CAAGGCGAATTCACGCTTCTTCTG,GGGCGGCACAGAATTGTGTAAAAG
H3K3_7D,TACTGTTTCATACCACGGCAGGCA,GTACCCTTCCGCTTTTGTGCAGGT
H3K3_7E,GGGTCATCCCTCAGACGTTAAGCA,ACTACCGCCATAAATTTGGTGGGC
H3K3_7F,CGAGAGAGCCCGCTTGCACTATAA,TCCCGCAAGAGTCAGTCCTACACC
H3K3_7G,GCGCCTTCAGAAGTTACGTGCTTG,AAACCGGACAGTTATGGGACCTGC
H3K3_7H,ACTTCAAGTTCGACGAGGGGATCC,TGGACAAGACGATCGGTGGGTACT
H3K3_8A,TGCTAAGATCGTCAATCAGTGCGG,AGCCCATCTCAAATGGCCCACTAG
H3K3_8B,CAACCCCCACCTAGCTACGGTAGG,TTCCTGTCTCATGGTGAGACGGGT
H3K3_8C,GGAATGACTGCGACTTCCGACAGT,CGCTGCAACTAAAGGTGCTCCTGT
H3K3_8D,GTCTACTCGGCAATGACGGCACTC,GAGGGCATAAACCAGCGGCACTAC
H3K3_8E,GAAAACTCATCGGCCCTGCAAATT,CGGTTCCGGTAAACTGATTCGACA
H3K3_8F,TATAAAGGAAACACGCATGGGGCC,GCCCAGTTGTAATGGCAGACGACT
H3K3_8G,GATCGCAGTATTTTGCCTGCATCC,GCTAGGACATCGCTATGTGTGCGA
H3K3_8H,AGGTTGCAGGCCACGATAGTTGTG,TCCGGCCAAGTACAGAAATGCAAT
H3K3_9A,CTGGCGTAAATCCTTGTCACCTGC,GAAAACGACCGGTTGTTTATGGGC
H3K3_9B,CAACGATAGACACCCGTCCCTCTG,TGGAGCGTTAATCGAGTCGGCTAA
H3K3_9C,GGCCGGAGCACGTCTGTATTAATG,CGCTATCATATCGCTTATGGGGCA
H3K3_9D,CAATCGTATCACGCGAACCCTTTC,CGCGCACATGATATTTCCCTTACG
H3K3_9E,GCGACGTAGGCCTTTAAGGGAGCT,CGCCGAAGCTTGGTTATACCAAGG
H3K3_9F,ATTAAGTTATCAGCGGAGCCGCCA,GCGCGGGTTAGAGGAAGACTCATC
H3K3_9G,CCTTTAAATGAGTGTCACGGGCCA,ATATATAGGCGCGGCCTGGCTACC
H3K3_9H,CGTCCTTGCGGAATACCTAGGGAG,CCGGGGCTTACGATGTTACGTAGG
H4K4_10A,GGGGCCAAATGTAACGTAAAACCG,TATCAGTTGTTTGGTGAACGCGGA
H4K4_10B,GCGTGGGGTATCGCTAAGTGACCT,CTCAGGCGCCCTAAGAGTCTTGTG
H4K4_10C,GCCGACTGACGACTAAGGATCTCG,TGCGGCACCTCTCATGTCTAATCA
H4K4_10D,CATTAAAGGTTATGTCCGCGGGGA,GAGCATCTTACCTCGCTCAACCCA
H4K4_10E,ACACCTGCGTGTCGTCTAGGACGT,TTATGTCGTACCGTTGGGTCAGGC
H4K4_10F,GCGCATGTTCGTTAACATCAGCCT,CGCGCCCGCTAACGTAGAGTAATT
H4K4_10G,CGGACACCAGTCAACCTATCGCAT,AGATTGCCTCGACTCATGCGTCTT
H4K4_10H,TAACAACAAGCGCTACCCAGGCAC,TGGGGAATACTGGTCGTCTTCGTC
H4K4_11A,CCTCCGTGGATAAGAAGTTTCCGG,TGGCCGCTAAATCTCAACCAGCTA
H4K4_11B,CGACACTTGAGCGTCCGCTAAGAG,CCTCGGGACCGTAGATGACCAACT
H4K4_11C,CGCGATTTGTTGTAAAGGAGAGCG,TTGTCGTCCGAGCCAGCTACCTAC
H4K4_11D,TCAGTCGTGCGCTAGCTTGATTCA,TCTACTGAGACAATGTTGCGCCCA
H4K4_11E,AAGACACAGGATAAGGAGGGCCCA,ACTCTAAGGAGCCCTGACGAGCGT
H4K4_11F,CCGCTTTCGGGTGAATTTGACTCT,GGACAGCTTTAACGGTTAGGCGGA
H4K4_11G,TTGCACGGGCAAGGATAAAACAAA,TCGCGGGGCTATACCATAAGGTGT
H4K4_11H,CCATAAAGGCTGAAGCGTTCCCAT,GCAAACAGTTGCATAGGGGTGGAG
H4K4_12A,CGTGTTAATCAGATAGTCCCGCCG,TCGACTAGCTTACTGGGGCCCTTC
H4K4_12B,ATTCCTATCTCCGGGCCTCAGTCA,GTTGGTCCCCACCCCGAAGTAATA
H4K4_12C,TCCCAGGAAAAATCACTTCGGCTC,CATAAACTCGAGAGACGACGGGGA
H4K4_12D,TATTTCTCCGTCAGCGCTTTGGTG,ACCACTGACTGGGAGAAGTCAGCG
H4K4_12E,CCCACAGCAGCCTTACCACTCAAT,TGGCTCTGTGGCAGGTGGATCTAT
H4K4_12F,TCGGCAGACATTTGTAAATTCGCA,ACTCATGTTGACCGCCCTCCCTAT
H4K4_12G,AAAACTGCTTGTTCGGGCAACCAT,CTCGCGCACCGGATGGTTAATAAT
H4K4_12H,GTAAGTTTATTGGGCACACCCCGG,ATACAAGCCTGGTATGCCAAGGGC
H4K4_1A,GCGTCGGTACAGTATCCTGGACGT,CCGCGGCAGTAGAGATGCCTTAAT
H4K4_1B,ATGGTCGACTACGGCTCAGAGCAG,ACCGACTGGTTTTTGGGGTCAACT
H4K4_1C,GTCTGTGCACCGCCGTTACACATA,GAACACCAGCGTAGCTCAGGTTGG
H4K4_1D,ATGCGTCAACCCTAAGCCCAAAAC,GTTAACACCTAGAACCCGTGGGCC
H4K4_1E,CGGTGCCCATCATCAAACTAGAGG,CTCAGTTGCGATGCGCGGTTATAT
H4K4_1F,ATGTATGGGATGGGGTTCAGCAGA,ACACGATATAAAGCGTGGCGGATG
H4K4_1G,TCACCCATCTATCTCTGCGAGCCT,CGCGGCATGAGCCTACTTGAGTAA
H4K4_1H,TATTGTTCGTAAGTCGTTCGGCCG,CGGTACTTCGATGAGCAGCCACTT
H4K4_2A,TAGCTATTACCCAGCGACCGCTCC,GCCAGCAGGCCGTTGACAATACTA
H4K4_2B,CCGGGAGAGCCACCTGTCTTAAAC,TGACACGTCCGCCCCTGAGTATAG
H4K4_2C,AATTGTCTGCTTTGGCCATCCCTT,CGCCGCGAAAGTCTAGTGCCTATT
H4K4_2D,GTAAGACGGACCGCAGACCTCAGA,CGCTAGACAATCTCGTCCAGTCCG
H4K4_2E,CGCTGATGGAGAGCAGGCTTACTC,AGATTGGGCGACATGGTAGAGGGT
H4K4_2F,TGCTCATTTCTCTTCTTGGGGCAA,TATCTCGCAAGCAATGCAGCTGAA
H4K4_2G,GCCACCCGGGACTTTTGTCATTAC,ACAAGGAGGAGAGTTTTGGAGGCG
H4K4_2H,CCAATGTCTCAATCCGTCGAGGAT,ACGTCTGGTTACAGTACTCGGGCG
H4K4_3A,TACTTACTCCTCTACGCGCTCGCG,CATAAAGCTACCGACAGGACGCCA
H4K4_3B,GCGCGGTGTTCTAGCTCACAGTCT,AGAACTCGTTGGAGTACGTCGGA
H4K4_3C,CTTAGGAGAGATACGGACGCCGGT,CACCGCGTCGCTTAGTCCTATTGA
H4K4_3D,TGGGTCCTGCAAGCTAATCAATCG,TGCAAGTTACTAATTTTCGCCGCG
H4K4_3E,AAGGAGGCAGCTCCCGACAATTAA,CGCCCCGGAATTTTGTGATAGATT
H4K4_3F,GTGTCCGTCCCGGCTAGAATCCTA,AACACCACATATGGGGAAGGACGA
H4K4_3G,TCGCGCCGAGGGAGATAATTTAAC,TAATAGAGGCGTGTCATTTGCGCA
H4K4_3H,TGTGCCTTTCTTCGTTCACTGTGC,ACCAATTGTAGTTTCGGGGGCCC
H4K4_4A,GATGTATGATTTGATCGGCACGGC,GACGGACTATTCTCGAACTGGGGG
H4K4_4B,CGGCGCACAAGATCTCTTCACATA,GATTTACTCAGCGGGGAATTGGGA
H4K4_4C,CGCGTCCCAGCCAGTACCTCTAAT,TAAGCCCTTCTTCCAAGCTCTGGC
H4K4_4D,ATTCAACTGAAGGTGCATGGGTGG,TAAAGCCCACCTTTCATTGTGGCA
H4K4_4E,TTTCTCGGGGCAAGTTGGGTAAA,TCGGGGCCATGCAATGAGTTATAG
H4K4_4F,ACGCCAGTTACGACACCTTCCGTA,CGCGACGGTAACGAGAAGTAACCA
H4K4_4G,CGCTTGTACATGATGAGGGAGCCT,CTCCGCACTCTCGGGCACTCTATA
H4K4_4H,TAGTCTGGACTCCGGGTTCACGAA,AACTTTACCGCGGGAGGACTTTCC
H4K4_5A,AGATACCTTGTTGAGTGACGGCGG,CGCACTAGTCTCGAGGCGGTTAGA
H4K4_5B,ATGAAAACCCAAAAGACAAGGCCG,TCCCTGGTAGCTATACTGCTGCGC
H4K4_5C,TAGCTATTACCCAGCGACCGCTCC,GCCAGCAGGCCGTTGACAATACTA
H4K4_5D,ACGGAAAACTAAACATCCCCGACG,GAGGGAGGTCGATGTTCCGGATAG
H4K4_5E,TCGTGCTCAAGCACCGACTTTACA,AATCTGCGTAATGGAGCCGGAACT
H4K4_5F,TTACCTGTGAGGACTCATTCGCCC,TCGGCGGGGGGAGAATATTAAAAC
H4K4_5G,CTGTATCGGCATGCAGGTTGTCAA,ACGGAGCAGAAAGATGGAGTGTGG
H4K4_5H,CTTACGCGTTGCCTCCCTGCTAGT,TAGCGTAGGTCGTAAGATCCGGCA
H4K4_6A,AGCGAATAGGATTTTTGTTGCCGG,GTCGTTGGCTACGTACCTCGGCTT
H4K4_6B,TGCGGCCTTCCTCACTAAGTTGAC,TGAACGATAAAAGTGGGCTCGACG
H4K4_6C,AACACACATCCAGCTGCCGTTTCT,GTTTACCTTATCTGCAAGGGCCGC
H4K4_6D,ACGCCTGTGTTAAGTCGACGTTCC,CGAGGTGGTCACAGGCCTAGACAT
H4K4_6E,CCTTTCAGTGTGATTCTCGGCACA,CGGGGGTAAAAAGTCTCCGTTTCA
H4K4_6F,CGCCAACCCTGTGATCTTGAGAAC,TAATAGACGTCGCGCAGTGGAAGC
H4K4_6G,GTATCTATGCAACGGCTCCCGCC,CGAGAAACTAATTGCGTATCGCGC
H4K4_6H,CTGAAGAATTTCCGGAGCCTCCTG,TACTACCTGGAAGCCGGCATTGGT
H4K4_7A,ATTTATTTCGGACAGCATCCGCGT,CGCGCGAGAAGCATACTCTAGCAG
H4K4_7B,TTCGCAATTTCCTCAGATACTTCC,GCCGGCGAGATCAATGTAGGTCTT
H4K4_7C,AACACAAAACTGTTCGGTGTCACC,ATAATGGCCGAGAAGCCGCTCAT
H4K4_7D,GTTAAAGTTACCTCCGTCGCCCGA,AGAAATCGTTACAGGCCAGGTGCC
H4K4_7E,CGGCCCAAACGCTATCTGCTAATC,ACGCTCTCACATCTGGCTAGACCG
H4K4_7F,TTGTCACATGAATATGCCACCCA,CAACTAGGCGTCAAAGATTTGCGG
H4K4_7G,CCGTGTGTGCTGCAGTCAAAGTTT,CTCTCCGGACAACTGCCATAACCA
H4K4_7H,CGTCACACCTATCACCACACCCAA,CTGTGCTATCCAATCGACTCGGT
H4K4_8A,GCGTGCACCTAAAACATTTTTGCG,ATATGACGGTGCAGACTATCGCGG
H4K4_8B,CTTCGCCTCAGCCGTATTGACAGT,GTTGCACCATAGGTACAAAGCGGC
H4K4_8C,TCTTTCAGCTTCTCATCGCGTGTG,GATATGAACACACGTAGCACGGCG
H4K4_8D,ATTAAGCGGGTCAGAACCACCGTC,CAGTATATTGATCCAGAGCGCGGG
H4K4_8E,AGAACGACGTCAGTGAGCAAGCCT,GCGGGCGAACTCAAAATTTGATTC
H4K4_8F,ACGAACAGAACGTTTACCCGCTCC,TCGAATCTGAGATTGGCTCCAACC
H4K4_8G,ATAGGTCTCGGGAGATTGCAAGCC,AGCGGTTGAGTATCGCCCTAGGAC
H4K4_8H,GCTACCACATCTCGAGCCGTCAGT,TAGTAGTTAATACCGGCCCCGGCC
H4K4_9A,AGCTGGCATGTGTTCGTGTACCAG,GACAGCCCGGGGATTTAGGCTAAT
H4K4_9B,GTGATGGGGGTAGCTCTCGTGATG,CGGATTATTCGGACTAACGGACGG
H4K4_9C,TCGAGCAAAATCATTCCGAGACGT,CATGGTCGTTGATAGCCCTCTTGG
H4K4_9D,AGTCGACACGAGGGACTACCCACA,CTTAGGCTGGCTATTCACACCGCA
H4K4_9E,GGAAGTATCTAAGGTGCCTCGCCG,ATTTACTAGAAGCCCGGTGACGCG
H4K4_9F,TTGGGGACTCCCGTACGTAATGTG,CCTGCGGAAACAGAAAACCTAGGC
H4K4_9G,TAAGTAAAATTTCCCAGGGGCCGC,CTTTTGTTCGAGGAAGTCCGGGTC
H4K4_9H,CCCTGGGCTATGTCTGTTCATTGC,CGCGCCGTTTTTATAGCTTCTTGC
H5K5_1A,TAGCACCTCCCAGGCCATCATAGA,ATAAGAACCAAGTGCCGGGCAAAA
H5K5_1B,CCCGCGAGTAAAAGTCGTGGGTAT,GGGGAACTGCCTCGTTAGAGACGT
H5K5_1C,ATAGCGCATCCAACTGGTCCTCTG,GCGCGCATTACCCTGAGGTTTAAC
H5K5_1D,TGCCGCTAGAGCCTTAGGACACAA,CACGTAGGTGCGGGACCATTAGTC
H5K5_1E,TCTTCTCAACACAGACGCTGCGTT,CGCGAAACCTATTTGTAGCGTGGA
H5K5_1F,GCGTTGGTATTTGAATGGCTTCGA,TCAGGAAGAAACTCTGTTTGGCCG
H5K5_1G,CTACTTATTCCTCGGAGCGACGGG,CGGGAGAACGGAACTGTGAATCAG
H5K5_1H,AGTCGGAGCCACTCTAACACACCG,ACGGGCTCATATTTGGTCGCTTCT
H5K5_2A,CGCATTAGCGGTTAAGTTCAGGGG,TTGCGTTCCAGATGGATCGTATGA
H5K5_2B,TCCAAACCTACGGACTCAGGCATC,GGGGATTCCGCTCAGTAATTAGCG
H5K5_2C,TCGGGAAAATCGAACGATTGACAT,CTATATGGTCACCTTCGTCCGGGC
H5K5_2D,CCCTTCCAACTCTTGGGTGCTAGC,CAGGAACCGGGAAGCGCTCTAGTA
H5K5_2E,ATGATTGCTATGTAGCATGGGCCG,GAGCTGCGGGTCCCGGATACTATA
H5K5_2F,GCGGCCAGTTTGTACGTATCGAAG,TCGGCTAGGGCTTTCTAGGAACGA
H5K5_2G,TGAAGTCCTAGTTTCAAGGCGGCC,TAGTCGGCGCCAGGATGAGACTAA
H5K5_2H,AAGCTGTGGCCTTCGACCAATCTT,TATAGACTCCCATGCCCTCACCCA
H5K5_3A,CCTTGAACCTGATGCCAGACCGTA,CAGCAAAACTTAAAGTCACCCGCG
H5K5_3B,GTGGGCATCAATTCACATGTCGAA,ACATTAGCATACGTGGATTGCCCG
H5K5_3C,GCATATGTCCCCCTAGCACTGCAC,AATACATCAGGCCCAAGTTGCCGT
H5K5_3D,GCATCAAGTGCGTTGTTTGCACG,TTCCCAGACTCAATGATCGAGGGA
H5K5_3E,GCCCCAGCTCTTGTTTAAAGCGAA,CTCGCGCTAGGGTCTTTGGCTTAA
H5K5_3F,TATCTAGGGATGTGATCCACGCGC,TATAGAGGGCAGGCGGAACAAAGC
H5K5_3G,CCGCCCGAATCAATAGTTCAACAA,TCGCAGGGTTTCACGGGAATAATT
H5K5_3H,TTTGAGCTCGAGGGTTGCACTTGT,ACAAGCTGAGCAATTGTGCTCACG
H5K5_4A,TAGAGAATGGCGGGAATCCAACCT,CGAGTAGCTCGAAAGAGACGCCAA
H5K5_4B,ACGAACTAGGTTGCGACCGTTCTG,CCCCCGTAGTGTGGCTACTTAGGC
H5K5_4C,AGAGGGAAGGCTGTCATTCGACCT,CCAGCATCATACTTACCGGGCATG
H5K5_4D,ACAGTTAGCCGGATGATCTGGTCG,TGGGGGGCACAGTCAGAAAGTATG
H5K5_4E,AAATAACTGGTGCTGGAGTGGGCA,CAGCATACCCGAACTATGCTGGGA
H5K5_4F,ATAAGACTCGGCCGTCAAGCGATC,CGATCATATTATGCTACCGCGCCA
H5K5_4G,AGTTCTTGCCATATCGATCGGCCT,GTCGTACGTGGTCTCATATGCGCA
H5K5_4H,TTCGAGAGTTACAGATGTCGGGGC,TGCTGCTCTTCTGGTACTTGCGTG
